DateTime,solar_0,solar_1,solar_2,solar_3,solar_4,solar_5,solar_6,solar_7,solar_8,solar_9
2018-01-01,32.88208315791837,33.5285123767569,33.27752898974436,33.873367810920655,32.59328877851705,33.58233219686367,34.72370854775576,33.890377638088616,33.9313240118269,34.700611773316034
2018-01-02,12.70987120265233,12.278980945260075,11.906540199226793,13.30618649735238,11.24780438002816,11.964841618013265,13.746997414291341,13.189223882316973,14.020067488408495,12.965315642566004
2018-01-03,73.70060418059882,73.45806553824832,73.79474831725906,73.39793814032657,73.9365358531031,75.13164225677998,71.89893352730586,74.02168073965501,74.77865956461642,74.11101646038422
2018-01-04,65.01963299711808,62.82181834550399,63.35323026276728,63.79537777713484,64.87260074638016,63.62401181541698,62.227825764158005,64.05525644432315,63.332238120385924,63.84499231881858
2018-01-05,68.85672579481215,67.9627772287244,66.68504834656848,68.39800074204892,67.46543651389531,69.20413421666615,67.82780404036512,68.75837143167327,68.37200728295066,67.79620061482193
2018-01-06,45.07042584744441,45.49142368556599,46.17131574262732,46.1296953789773,44.65119947916088,45.399100791417936,43.438478232306565,46.31908340519735,43.94445183999284,44.5102964134651
2018-01-07,14.479545760089762,14.62831337824799,13.548153901311437,14.108014330738621,13.397436774032506,14.298699321058306,15.61348369356861,12.990047654211255,13.477065092301336,14.982576809501516
2018-01-08,75.88600035907001,75.23523152369638,76.08725670328721,76.17278129002486,75.07213389852915,75.23970628164454,75.05513777564319,74.50134889628245,76.58605980094273,74.7263860926161
2018-01-09,75.87687048880646,75.2815949021784,75.6399368678853,74.45100085462337,72.49115283617121,74.39640690823704,73.56208061993999,74.2311075123421,72.23899119537978,73.83507899128571
2018-01-10,29.8778915598858,26.849217628570777,28.648600456526406,29.153167627804024,28.621055776064548,26.039688422651366,27.2679892694722,30.550520355606835,31.053175594407247,29.874491160215694
2018-01-11,47.75623806652741,49.589384065009575,48.6271775040375,49.8749822660101,49.419203342628,50.4161261761372,49.267181298381196,49.68890119665741,50.6620005016314,50.65240276502939
2018-01-12,83.10467318102177,82.84225330309458,82.95933785599884,80.28119060035687,81.64609094591808,81.3508685053408,82.67180053850795,83.88418676729276,79.27512271434698,82.19703060508981
2018-01-13,81.31384213120309,81.44493202495005,80.68095280314772,82.78629251699354,81.58237018625753,82.36820059461992,82.26229386089082,81.53480738921928,81.80132297942778,82.40222814444294
2018-01-14,81.1459232023612,80.83903964881564,80.18357460456527,79.03126214755461,79.10233535308295,79.71241471691866,80.44081130386508,80.0188542569816,79.74510917974956,80.41367106785162
2018-01-15,44.255844205427934,46.04590964870438,43.62014917414621,45.38379471941699,44.811790431264896,46.72629904099106,45.11106392949949,46.1524360251011,46.30095643178503,45.12602613058886
2018-01-16,14.124578980094196,11.914230721387215,13.022850931192721,14.078688744163308,11.30801371393493,11.206630225899268,12.543545078708624,12.268471646286734,13.072160968526696,12.478352651227468
2018-01-17,90.76163392197178,88.9134638678123,90.53830643443763,90.29125238180723,89.81810559902482,90.13761730697411,88.0592774349157,89.99438274826753,89.8906176694027,88.86454160156207
2018-01-18,32.991186396800856,33.47987965324814,32.342015726722266,32.83837347066833,31.03081666848349,33.16671112287415,33.2071700507111,33.56323513907589,31.39494311725534,33.5770088450981
2018-01-19,24.0082865697264,21.386900221428963,20.137968288577074,22.43586155029634,22.369390899442912,21.328720590920575,21.638233415184636,20.600782393524884,22.31072237853656,21.022788216631767
2018-01-20,51.32915238745954,51.33258678713652,52.169404620529754,53.22232926336106,50.34018166081584,52.0324082249589,49.8348102183662,50.800873814665145,52.82272036596592,51.50443562529647
2018-01-21,10.67017550594855,8.322287230329003,6.588174640276124,9.115816914343668,9.039144778251881,9.45664935999382,8.718098804978467,8.225389414099238,6.897448786395349,6.988877041935367
2018-01-22,89.17784808674766,91.0259692276636,91.15613264419486,89.15619851760627,89.1017406171364,90.11723615940787,90.32304350295219,90.63431830710337,89.09383928806196,90.33134278593106
2018-01-23,84.58429146875486,85.4804043029801,84.40010718494108,84.71357228164828,86.27495407143554,85.25524786793534,85.99328480731452,84.94281910122017,86.4845260056874,85.71360339082523
2018-01-24,89.78416936539253,86.66953943023914,89.26329680471416,86.66511578695476,88.51598171827534,88.05759696819021,88.89759408048931,87.37669748179577,90.00319359722418,87.22989851307047
2018-01-25,81.94233065307196,81.73437968828506,81.46240204142224,81.2742576713824,80.8237119050879,80.36038657292983,81.9795177396573,83.28480692806212,80.61644719311617,82.14405461420877
2018-01-26,11.19862685785592,13.017378227236597,10.864466931630067,13.087911684978943,12.710886656203527,11.375336132673228,13.855045108725822,12.108638663468811,11.00560110988299,12.72813490220686
2018-01-27,30.47200074740664,29.688121254331094,31.204387399580792,30.651412389456052,29.66030574871152,30.393628184001912,31.07301118172056,30.64074334581625,30.162593091129352,32.10175583485019
2018-01-28,79.21274774474773,81.0842553744964,80.88628300418293,83.66089103409684,81.96978206280788,80.74548638338584,80.36336099327191,81.23363437804589,82.86166647422148,80.83608344086488
2018-01-29,93.93562001077596,94.50466933701642,95.63468552842593,94.4090025939294,97.13484604155498,94.08945949239461,95.83874159094037,95.59932701023601,96.35188290776233,94.75774751063281
2018-01-30,95.02598755385019,94.73036023796229,94.20884111420801,94.55589347753235,96.36585251474995,94.78986347266341,94.16089398483433,92.95916275691967,94.0087937055573,96.05605145130437
2018-01-31,93.00236490887397,92.4058930945266,89.94044912585237,92.11617555065666,91.50450409780066,90.92324005321662,90.55505622124114,92.21569611568009,92.73414530674496,91.12164229723058
2018-02-01,57.74950690702775,58.91012834043002,58.752343686525876,57.80286186565046,58.72303447171458,59.868559890546706,57.32410402584375,59.20254685149119,60.53905808767309,59.08076312943277
2018-02-02,78.78283133081831,78.62920109526529,79.0388143389766,76.47437180640424,76.18784991416791,78.02631083010517,77.20938774419871,78.20025996613597,76.49277626604544,75.87236558090936
2018-02-03,13.203627255192819,15.045420579302178,14.439619378194319,16.139840940132895,17.78748798849864,15.38773604022228,16.948864850168366,15.146924056961314,15.354337606168759,16.867089991873982
2018-02-04,97.21321011621477,96.01518035218012,96.9899979403068,96.94546199430629,95.93881945066074,99.60541309824917,98.35638454006728,96.37958748277411,96.25536738214282,96.76775928202227
2018-02-05,29.14759467489533,27.724940924829074,27.601253154892383,28.21233193600493,27.64792586031133,27.120315982327213,27.166078833288687,27.91414321279883,28.167064135057466,27.498697882515703
2018-02-06,6.160272812404688,4.200000000000001,4.938312977361652,5.124153427439131,4.200000000000001,4.655086976689867,4.834532753924033,5.717738046497587,6.228608917355871,4.200000000000001
2018-02-07,34.70459774153556,31.879752150457968,32.87898884938476,33.92311213817749,33.16236298883339,33.38117737054185,33.848355775776106,34.28257924832947,33.23331204128247,33.76550545064534
2018-02-08,98.04527412301712,96.78326198056943,97.4280082250348,96.13387033004317,96.65905832122161,95.52487586266976,96.99311953241256,96.7853608082412,95.41483134100481,94.78461489022226
2018-02-09,27.041878791737638,26.995382232248048,26.27807156376585,25.579544389338025,25.595647418387795,27.262507680520923,27.648083526295807,25.456985205007136,25.655572861367194,26.54194371383423
2018-02-10,9.293191231745553,9.25506706621814,7.913537515633726,9.126585024829032,8.615328843491229,8.337412671372629,8.64724109205146,9.362577252255285,10.12201956918609,10.04991415595406
2018-02-11,24.81872182797674,26.04759138178025,22.990466180362954,26.25158968779413,25.117235831518244,26.61062565114086,24.38453631301115,24.75694864157261,24.77278244358223,24.546510710529034
2018-02-12,103.15556249177666,103.004074914374,101.67328788244163,103.32303300011034,103.74949572140854,104.05095100270638,103.16030182648205,102.62211013140825,104.51477433937178,103.68315580405603
2018-02-13,12.069987044502872,8.693767496202062,9.220284550392147,11.647253719239478,9.917047412866529,11.03595444422435,9.088224514726477,10.711974675542667,10.196956107563775,9.970738466310129
2018-02-14,35.388572422109,36.98004249171777,35.89299654929826,37.020053190732895,36.94779466922934,36.411985742014174,36.01836663317147,36.359899456433155,38.348026779250844,36.14103670152645
2018-02-15,26.05699025651824,23.43922480039057,22.534252478364376,22.703095359575308,23.712325224275144,23.362867810931697,24.751487825258714,23.156849120400075,24.72952733217249,24.12285523513894
2018-02-16,28.89804504356226,32.61485970845731,29.879504510247198,31.85347952398648,31.265110136857185,32.580798818454745,29.848663427343492,30.7655358425601,33.052750726529716,30.406654604588276
2018-02-17,26.426107165114814,28.822982681099354,26.882814153319757,26.249260047029626,24.919883050787128,25.861108628568193,26.975892309569005,27.696224851806356,28.52529341591192,25.015741488111416
2018-02-18,29.619091048290933,28.3168011093619,29.37459039920147,30.4178624048407,32.32140979498142,28.81075533868062,30.771247363488055,28.870851457169675,28.337629407286148,29.86327874385281
2018-02-19,20.38237463033296,24.279108455860644,24.92761185534736,22.92775800756553,23.14136106339668,22.710445353750302,22.762984945364572,23.99680060625745,21.040820268075098,23.77379997926704
2018-02-20,3.560025952645849,3.5991069365442483,3.7752241996050904,3.662863277573577,4.925466397816743,4.195046442421057,4.567439781440719,4.92720432814151,3.7352434016899294,3.2360000000000007
2018-02-21,7.488006122646304,8.252229273182742,7.598433810953987,6.857290809082789,8.621401649551618,8.261076721891587,8.056464382399911,9.53289614229939,7.196438570523028,7.1934286774728555
2018-02-22,8.613622791106629,9.692778371602358,8.764133348033925,11.56897273194177,9.026469833543812,7.547200000000001,10.268452563241365,9.001255434691288,9.837597295545443,9.039589586348015
2018-02-23,18.25228883138948,16.934709113270394,20.26007541849556,18.909576732971598,19.40486945535719,18.79378902782104,17.1525651510078,18.31404887727702,18.226688005685002,19.360327017088213
2018-02-24,13.547378691755771,15.279026847295986,15.129325100216278,16.15574066632939,14.161800942387693,16.465794539676924,15.812573399732598,15.993588610352308,16.99444401052417,15.13400456792822
2018-02-25,47.82922068520513,48.91483995555065,49.07873644919688,48.223839130340714,48.564665487952546,47.461663938014794,48.568440208869646,48.918123344846684,46.513679993915886,47.84153896163092
2018-02-26,100.13943153464581,99.51792677661129,99.94270106743102,99.69978138364225,99.18764443119721,102.12977018927012,100.03970462980548,100.70099986860163,100.39810481897815,99.71130644845283
2018-02-27,20.353974332413475,19.972056848321923,18.57808743392298,19.26396530061403,17.629173174982267,19.497060785048827,19.661944931536276,16.861711957942045,17.55582476004604,19.172657536658022
2018-02-28,26.90757406397785,25.95423758718002,25.59516495788001,26.712542242320964,26.282323014977077,25.7436657091603,26.59379944962893,25.189344340568763,25.657794449023754,25.867936202621987
2018-03-01,106.12234460117023,107.14532980093445,107.81036426317213,106.40580905116448,108.37575621062018,107.12814004813819,107.29292136434587,106.69403308380176,106.11236571106656,105.99691723570734
2018-03-02,80.5675626224795,80.15521590508123,78.86508539849342,79.23272003296863,80.0062291675836,79.75280038004648,79.12164206882173,79.45269477334604,80.68121432625674,82.91087915889673
2018-03-03,35.34742210444789,35.47787675993772,34.20034045068294,35.53128972526759,35.08217845923954,35.061643117176025,35.84348575597438,36.24706642251962,33.854968166498736,36.88656083617558
2018-03-04,31.497479588125028,29.101406297950845,30.229098618645384,29.226958518360835,29.605559251181994,31.424295258414315,29.578453465810426,28.688222367305904,29.831891017658776,28.782003620062415
2018-03-05,60.974850524169995,62.89338450904021,64.72076476913848,61.540261452602635,62.511423819327575,62.10764932943398,64.67217583337519,62.04904637060411,60.96417167940099,61.95632717034366
2018-03-06,111.4571573433938,109.84303589208182,112.7084472066206,111.58581727729234,112.21038574004643,112.77982182727823,111.36091615499876,112.31858289890046,110.00015207066764,114.6231397827707
2018-03-07,124.40828673092878,125.53675276562882,124.4731726222982,122.73751771609416,124.91834358123492,124.84026676976107,126.96589034634188,124.29975053802785,125.7779601393759,126.39129368329118
2018-03-08,86.77346151637042,86.6404721074588,86.09530706447352,84.79363804663107,86.54295299830886,86.59497124091624,84.11664393391295,86.8157099781087,85.67505113833671,87.32545932033959
2018-03-09,35.516922650362304,33.63144616895977,32.11085841217708,33.95507614180338,33.04256016468724,33.401206509242904,33.60470533278203,33.98845813398733,32.75292707123995,34.922438856765794
2018-03-10,107.99756421119699,106.97318856997794,105.7970676751468,105.81891372425711,106.88736959832839,106.90833204570778,108.47204596856884,106.95401352639438,105.89148539989876,107.960236818767
2018-03-11,25.194745230380743,27.521802613688667,25.257511717928864,26.239062266439333,25.407591285403132,24.683290313480143,26.487839651318957,24.789389040679048,25.962297729134487,24.947284732212683
2018-03-12,126.13913022857383,125.52681358588951,124.95677535211294,125.03598963268574,125.0095035921898,125.15878330957196,126.65997340868624,125.07389070258235,125.15137167253579,126.78517677261976
2018-03-13,110.76472287383791,111.0089341209737,111.45470644596905,111.52472553626694,111.95802710192783,108.30224303855847,113.37893999334327,111.98199387640759,111.0963450484894,111.07989081161199
2018-03-14,112.5811890007433,113.0423956087715,112.91123875232219,112.96523793793735,111.78551947752548,113.4014581022929,113.7619870372411,114.03690586212362,113.55946340171708,113.48276118193033
2018-03-15,57.67780709198682,55.80890489637681,59.81799762599279,57.76426429396183,57.98640372582876,57.110360250782044,57.35865900090926,56.34649576481343,56.128129878963406,57.107354972058324
2018-03-16,100.48998280297783,99.7711367118806,97.1426372151522,99.0289430570418,99.91494811383392,99.71071276448347,99.6726798668684,101.67240782664896,100.7915935389347,100.36857823062122
2018-03-17,47.869832288081135,47.312144065779705,45.42841323427352,47.75829274947816,48.004030913619246,49.274981886947614,47.3051415189534,46.97454424824603,48.56301332369236,47.57333862450461
2018-03-18,56.890843892269,58.33165307985194,55.875327594042396,57.91860808649575,56.09244573803607,56.78684825004769,59.054215637980974,59.289262133818504,57.5391777562935,59.158479780866614
2018-03-19,113.84569270795102,115.44433709172137,112.66504838506098,112.70529199165453,113.97923066266654,114.35543464891221,111.73321934147448,113.9100030468121,114.16159062096533,113.35681886635356
2018-03-20,125.81272063361735,125.58429669680075,123.79965025022409,125.73184312717248,125.56128351122612,126.70803357438548,125.692676141848,125.66423982723185,125.48909061249786,125.40743630396749
2018-03-21,117.79478905564241,116.39062370342742,116.2739811187748,117.20660646687588,115.90007268558278,117.30462702526137,116.67439624466249,116.69019149528849,115.02666487736842,115.77536967720779
2018-03-22,91.89955584627002,93.32129491609535,93.72841303483507,93.20699616728764,92.10869264492607,91.8893638730284,93.63934236211068,92.91605346692336,93.32060497026359,91.42692747713353
2018-03-23,31.45584666593462,30.319930884622295,30.847860079925617,29.70940872553057,29.9975137829159,31.776054756270796,31.161009469574413,29.38546003890845,29.702576262966755,29.163370840226637
2018-03-24,56.149316158119795,56.914817742738435,58.35242198276369,55.87137746936936,56.47242717161743,56.8167747592504,57.24312666767892,55.35650903577197,56.11013314807526,55.877137733359696
2018-03-25,22.18816314198013,21.187972256723505,18.581085229292643,20.380448340832576,20.876579773038422,18.53007246259944,21.281583350884766,20.15051825579362,20.565457902476577,21.73941126728722
2018-03-26,98.32548960887766,97.04796576902233,96.40819872985655,97.76840964456504,99.00610841410136,95.83980712951936,97.38063632372216,97.41888578905875,99.18409927830051,96.39331181845893
2018-03-27,33.119066214798956,32.824354550085246,33.73207333794963,34.21942945440647,35.1263388467217,33.29711844068159,36.07337406768991,34.14691310396941,34.55086981809063,32.74424509672392
2018-03-28,20.521916919025387,21.15155494660203,21.312232022026034,21.72785326448833,21.76469313807821,21.7673835494402,21.861705292374523,20.846696845859274,19.78038951161295,20.470909549366635
2018-03-29,104.63088460772472,104.93706592339886,103.3589023041143,104.21382663716554,104.76896545663924,105.3671385077863,102.69442614072874,104.32134732061203,104.08905122047327,103.8843522346853
2018-03-30,119.21394503669225,121.75165873660151,120.38489803677398,118.7760051160423,119.59836826591645,118.50736522817958,119.1838080828588,120.81480155945552,118.34183599027868,119.2324556107133
2018-03-31,89.99503725460997,89.98501606309739,89.46034398122941,91.51435709954653,89.41350743570311,90.22346044026015,90.28518739063354,90.46586004040381,92.25912380908957,91.25544740389711
2018-04-01,63.12926114635207,62.5481687744969,62.4938191893608,61.61880966288596,64.19279634843028,62.86736127217002,64.99438028433684,63.417028169868956,62.76842492985822,62.53231256014014
2018-04-02,54.901738772309315,55.331275543622866,55.35680849027871,54.47419676992956,54.94742258011318,54.459460495864136,55.5411674176058,55.022490723022855,55.52521252022282,56.370947086208865
2018-04-03,29.989006820111037,29.19615710017683,30.798707019032907,31.325082723896827,30.47447565910524,29.24977180728071,31.62417658952688,29.538711049166942,29.64222333304519,30.755912307058356
2018-04-04,115.7586327915037,116.28350445247669,116.74967142276127,116.56119512615625,115.21695562233771,116.2009934345936,115.99526049749372,115.55209433133986,114.37215473536341,117.7619804898502
2018-04-05,68.70982656776582,67.23043305317483,66.64777642484253,69.15685950682075,68.20756351337552,66.24763555148193,67.75014058340636,68.67497781066821,68.97095982109506,68.64685685003681
2018-04-06,66.16906756846696,64.65912766763411,66.25393829288214,66.61609818868571,65.66827535747119,64.79572547084386,64.50140954258758,66.37536148793842,66.20229294877566,65.9298959612162
2018-04-07,18.987912546340805,20.104992186841045,18.28233722571146,21.666472183385782,18.096106506963213,20.36815292748456,20.177792336121087,19.599481783771722,19.135532789485797,18.712370550745618
2018-04-08,87.61732665199531,86.02336327048393,86.52133280772625,85.76533417887629,84.83178630551124,86.19418778664179,85.47496460361921,87.07530620390035,88.06131087477577,88.16711153521666
2018-04-09,31.32530882679305,32.686784729952485,33.964481481092555,32.77184642525957,32.007742708502896,32.45461701951313,31.87068981835506,30.950875850055315,30.357254360986897,32.450989110241906
2018-04-10,115.13539698035777,114.29657843650965,115.5698970090166,113.5239550864491,113.04648128988764,114.90485334933356,114.04426210935048,114.55621411773883,115.7159467011367,113.69286968200242
2018-04-11,109.7746066980311,111.72484407508497,110.43414532061209,111.4477020665478,110.9185793905827,110.89755735890436,111.00155044405246,110.68838161376635,109.6485034917545,109.8952326487587
2018-04-12,70.64069463559173,67.54762682436522,69.29881742347412,68.65778765740042,69.10009656914085,66.84967047468018,67.51074972504301,68.48021891036828,67.78932467355196,70.11866198469029
2018-04-13,50.44505702876689,53.256444255420696,49.818279645811515,50.88029847746117,51.589899151628494,49.80500207591466,51.59281383756488,51.128154774785415,50.84391753667668,51.77829622737628
2018-04-14,113.87204893714508,111.3376350999447,111.28694864265285,113.1502680313386,111.59659085151876,113.07168776489638,113.35675426109648,110.791998831313,112.31313523889885,110.77960556182359
2018-04-15,115.30537361190709,114.79584634789101,114.43110020455104,116.89624973428323,114.77075787659466,114.93534265121257,115.47388796074445,116.46439724017749,116.07701283373255,115.82470692224814
2018-04-16,112.51361501896665,113.02892948219333,112.32363090598439,112.17804891634496,111.7230559164549,111.70348954670645,112.57386714964089,113.92341520432048,111.74868844669881,110.87962778292969
2018-04-17,110.5782826570014,110.13020143826012,109.27668627151806,110.25450384024361,110.15688463211946,111.1086652804416,109.51807625908269,107.84960736045707,108.3671753006569,111.4653396602103
2018-04-18,75.15357321874609,77.66094151458017,78.59488129811827,76.9430464029895,74.64983227875729,76.42685719233722,77.938258022196,75.69759344052308,76.94161911032592,75.45157484932493
2018-04-19,106.94082843981523,108.08070220360638,108.13948978142162,106.10116284846083,108.29947745567031,107.25526004329562,106.88828739736852,108.02055432301071,106.95411381913597,108.40392307103401
2018-04-20,80.3734993173801,78.09551451027455,77.59627456043201,77.32521741170336,77.71122624858646,79.67349899242998,79.40280065637552,80.22672486616558,78.98445883263253,79.51101104966628
2018-04-21,14.7076740729341,14.37339808415753,12.856603103305517,14.891667758401818,13.615824434722509,14.120336125017184,16.239508570335403,13.325840105021598,15.180462094656333,15.662041545751958
2018-04-22,106.03012119660562,108.44828095462987,107.99509213880022,107.432463678313,106.31859329497694,106.91402212765914,108.75456323489728,109.45012504890546,105.58264880271251,108.79281259819989
2018-04-23,106.41095946660234,108.0246335911552,108.10531599540649,107.92510600551226,107.74030129439346,109.45050333200628,107.04955518965338,108.42141873599708,108.04052233204384,109.42767592095115
2018-04-24,100.63169621746277,102.23934573033613,101.29167812380496,101.55929179285945,102.72122640078192,101.87888568940592,99.4063192672663,101.44677718119858,101.71639990114082,102.12630578483882
2018-04-25,67.95741690730723,67.53715549186985,68.72244856040116,66.82053873057524,66.68931639743289,68.11958755674408,67.58414350686657,68.41656013030155,67.61767005250127,67.38644159291718
2018-04-26,111.49748376280115,111.54118647034547,111.49695946598445,110.52883892112693,109.11179002854993,110.81103654755631,110.66272760143005,111.75899643737544,109.97416810292208,109.95076414707094
2018-04-27,89.8736853265024,91.45669594430764,91.45020315011385,91.02115043798149,87.82455919983573,91.04181853844503,90.6464008835565,91.30332519313215,91.44328600176394,89.50169122330502
2018-04-28,107.21037391207423,107.39703758935889,105.24851231596655,107.25977304175558,107.92328937412388,106.43432502455144,107.54772315420189,105.75149879756188,105.86377718562554,106.12486439132003
2018-04-29,87.25242730251514,89.25097296570908,88.19286335515928,87.55888938150879,88.98597804787744,88.53495707835835,88.09327623726178,86.65512001574396,88.8174329007717,88.63859854249502
2018-04-30,28.147137915014785,28.831580002068534,27.813223347157834,25.516912259535403,26.146157366885483,28.830502137596213,28.7209731131342,29.254031332465544,28.01084658968676,29.839315591185308
2018-05-01,13.286675325865318,14.511545471217,15.041177096927138,14.001758263963728,13.589268100875657,14.241918424807734,13.355472998201918,14.255971396345664,14.671225835699211,15.228552824611317
2018-05-02,39.764711067385655,38.61267428939462,37.62469352111651,38.23677837487978,38.153597789722156,38.49434545302468,40.1526884575527,38.81729648419978,39.08608679578413,39.597389132079506
2018-05-03,42.51419651086132,42.73386707176897,43.172335464029814,42.787484847922755,40.78402724676469,41.742734871366245,41.70904858025821,42.00223416735395,41.742119326996516,43.04450122400485
2018-05-04,9.669016909430274,7.946090738886413,7.843740249659318,9.173703233574072,8.05237112358207,9.59832900813425,8.828581842350937,9.21440716096592,8.663060236492983,9.268217618622867
2018-05-05,105.69372668216955,105.30902501813387,105.72763289196553,105.30071599533557,106.15620297698246,105.84993598772664,104.93337839607302,108.4705463333474,107.71909516294488,104.95103205843006
2018-05-06,106.22741419103632,103.79249399028879,103.63278227161283,103.60983159418363,102.59339105430026,105.49642562368032,103.89152313113826,103.0744551597271,105.54587027208945,104.56612654606354
2018-05-07,101.25452016259185,100.76653214153855,101.0627229334839,100.89996303826048,101.4984568782183,99.1320635778557,100.51453766561683,101.87636467328146,101.26140412810163,100.467259623234
2018-05-08,97.58015515510394,94.79488796424526,93.5257862786088,97.12146289075481,96.06318054584013,98.57676842080554,96.73303256968961,97.18179506495076,96.98586711802488,97.96893492403038
2018-05-09,105.14704157579747,102.32603111531505,103.32362693126635,102.80735453454385,104.45036057275006,103.43154469809637,104.08375123802868,104.36442499207195,101.26058307194737,101.96756711008656
2018-05-10,102.2469347419836,102.26839540205984,103.04348392066672,101.16365658094502,102.28462526147867,101.23130595160175,104.67587859990527,102.89369106373283,103.26441758461826,102.14460872494699
2018-05-11,91.43656197300281,94.90729696377979,93.92825764756579,93.70303017669454,95.00162962628616,93.20690964168436,92.53591858657425,93.83747703002003,93.04543488666717,93.08472510495874
2018-05-12,79.58046943827655,78.14612468104275,76.99792808288322,78.11298214119314,79.32318070627845,77.10876481366145,77.22375796499125,78.32655036222553,78.49950844048294,79.21784243597509
2018-05-13,81.02967676782951,80.85186687221902,82.0850667677003,81.85764458651603,81.66021089073864,81.52711362540305,80.85341365324001,80.69892561988776,79.30246345924488,81.38969376655642
2018-05-14,73.08133110802036,72.96103520267535,71.17116418264285,73.40537153361166,71.43630155861,73.49150278841442,71.25179408952846,72.88940292648626,71.4149464425746,72.73105852361782
2018-05-15,94.62200893873647,97.21912729790866,93.81583458615277,95.88334752983222,94.2426704191866,94.6764096184098,95.26137021869013,95.485415184657,96.15522493564114,94.97262474388914
2018-05-16,94.44638825970247,95.11385494181418,96.58153346576798,97.89621125714055,96.07194426586904,94.99291637271399,94.30025663195856,94.94579282919427,94.30677813687444,96.09149936433708
2018-05-17,96.37441437805829,96.74228593238136,97.35627982694879,96.91003718318193,97.53934294045479,96.7754215096305,96.77754542932567,96.98134933212366,98.2936528124373,97.13943307982078
2018-05-18,92.44834682151874,91.29995286886115,92.16020780933563,90.52018936845903,92.72310463882131,92.24078036976849,92.14794335947333,91.62898254157697,91.90168072923483,91.67671342306303
2018-05-19,76.48439794294163,75.33036266648008,73.36725148944114,75.65716726028592,74.4044282206459,75.44329520647568,75.34881776789034,74.36224310868285,73.85106781771184,74.89883185120202
2018-05-20,40.50300738681854,40.01665653558499,40.436363306580525,39.05536174714652,40.86897150330348,38.53638698705614,42.147605915654594,40.547042058086845,38.83648053566371,41.9206612514945
2018-05-21,60.78794019950396,58.86586094603132,60.20691032127447,59.21835687428069,59.482461711914695,62.05063868583366,60.0163362146583,61.38995594327299,59.16246131145646,59.189029178304274
2018-05-22,88.81563150166353,89.09840086025088,87.59569005847644,87.81959849435896,89.43850524757657,87.885520145161,88.4777258626154,88.1816993957679,86.72895571961325,86.82882696595954
2018-05-23,92.59701694016832,92.62009475210104,91.73215125095362,90.50479998841861,91.97041748468571,91.86913622522395,91.04465612464816,91.56124594199615,91.83296795421755,90.97396596249241
2018-05-24,84.690203798629,84.32607548709024,85.63229865482468,89.0051688554864,84.94933622092019,86.0659167061951,84.7685344518508,85.0045663869271,86.43906625857313,85.39842533264972
2018-05-25,93.87891771599364,93.65530789240101,94.83152139318092,95.78163174391358,94.98311307830494,94.23002305511619,94.83815736532478,95.98853100093582,95.25577558285906,95.06509612706178
2018-05-26,94.21851674087057,94.36693129152768,95.1626450840356,94.94856142673153,93.25975118721554,95.32560636625618,94.35706645821915,93.49937990289074,93.51499421057399,94.85353736141082
2018-05-27,91.07321315648632,91.89937450807716,90.41432591514543,91.3221078056024,91.01896031874348,90.19181141496476,91.36602144361234,91.8817053615888,89.99834419411701,91.31379454087924
2018-05-28,86.91006917975398,85.08055937835336,84.59136777053074,86.1595845393531,83.54460820770589,85.80671311423436,85.10613975303562,86.067319628201,83.66214697801406,86.72901576404182
2018-05-29,95.2403726394058,93.86936821922168,93.15210956919792,94.51709280671702,94.13496972389184,93.87016944894363,93.14356654139573,95.36037375337871,96.17569932095066,94.18633076294614
2018-05-30,94.11388185485953,94.911454366296,97.00380043896145,93.45939228310085,96.0961057732552,92.92783202736932,94.08292549145203,95.57228871201511,94.32609383709641,94.00004091936695
2018-05-31,89.1513154674034,91.00882694479444,90.5436477804582,91.66201846326295,89.99506315889145,89.77287435089023,91.75692187574974,92.12531852619155,89.51711400147224,90.86935773217176
2018-06-01,82.8246087296858,83.91897701598116,83.85832569143177,84.17645948721952,82.18750955006499,83.91327929418672,83.50025142746155,82.87609381066457,82.61528438499812,84.2424538346929
2018-06-02,94.56055494972986,94.55157961138438,92.9690000185815,93.74134190804014,93.1728378333698,92.98389923845043,92.83325974326667,92.51193395721278,94.06133844868488,94.0432660428809
2018-06-03,80.96950893775107,80.57190834978049,81.30958883198562,79.72889493303781,79.19822426933396,79.7959428083383,79.51158543763778,78.76659218936676,80.00611009761927,81.16005483239071
2018-06-04,45.998519607621695,46.34668813822734,45.33744280292004,46.83037546619377,45.922886839163425,43.95985386479791,45.02285909569837,43.753715770020605,43.675443336104955,47.64178587538054
2018-06-05,93.28717206815355,91.51443058264066,91.44278078260376,91.05008023415446,91.22766892102305,90.54373331752976,91.61080101157148,91.71386716462912,92.01639654034997,90.88656186466685
2018-06-06,93.51387902081979,94.83335717380122,94.6438859916447,94.74980071935963,92.67057579329997,93.29147344836508,94.04593494197084,93.93760739281441,93.48267621172312,94.47976136353148
2018-06-07,87.49879512894864,87.84935438813717,90.06584871836282,89.61123129267074,88.8741560772811,87.8270157306101,88.24777059100957,88.22279555827933,87.7270963719479,88.20743733723923
2018-06-08,87.06015764590826,85.78076438909986,86.68803038345136,86.77270844425964,86.90036516632388,85.87283547721175,87.33816830589113,85.67346161161578,85.83498101101527,85.81136588481692
2018-06-09,71.90066897656699,71.28643072977948,71.20135721009625,71.07342875596754,70.98795973894259,71.29317448062032,72.91591876981212,72.30886199510371,73.53640130590504,73.85353475748816
2018-06-10,88.75668495053486,89.1399643340342,88.1112873940299,90.06643908922582,90.6421528439779,87.69855508404822,89.0223753907695,91.48190922169019,88.35803525156297,89.32897840666806
2018-06-11,85.79640834428896,87.94847268345247,85.96215606697598,86.49390742390239,86.77134989444872,86.0466298303713,87.57609733641263,86.8710052520576,86.68861971570418,86.95144927824292
2018-06-12,83.58444277192118,83.81367912815416,84.90554279268792,83.33859833326771,84.13009979098561,84.98741844803234,83.38903087473142,83.94701840109019,84.74667402895251,84.41468497094809
2018-06-13,94.00225234614301,95.349110976534,94.31324405976362,94.89543665635321,95.43133768455911,94.42884284443063,93.75382448620627,95.20078839948928,93.86681477437182,92.86264189076287
2018-06-14,89.07740553316033,88.62458212655577,88.4245995092722,88.28777384076035,88.22834336347923,89.03819209384298,89.21258236904382,87.87399280183497,89.55193666589113,87.12670911848457
2018-06-15,85.06698696988644,83.87428038045103,83.04079274589029,86.93308051322384,84.66998889141864,85.2109683345192,85.28730749228723,85.12539384758362,85.39015998490675,86.44559035021744
2018-06-16,65.4549213053593,65.91891039890662,67.53436300313497,67.9336269674646,67.70861892154127,65.6602254327238,65.70837924998914,66.97016135416821,67.87580901379026,66.37223479754535
2018-06-17,64.65199438252579,64.76095687697834,65.18769505884234,65.15333852145675,66.43662028679812,65.45364617631624,64.92199920777705,66.09300158991209,63.667748760489644,65.2327186675446
2018-06-18,61.526038322211434,63.3999385664258,61.52371204476274,61.52225944494503,60.81998166675334,61.37879572433436,61.6126974028501,64.27270532307347,62.60829149072641,62.902532018958595
2018-06-19,24.997689378708635,26.472888631109313,26.079611693675105,25.58077829223944,24.9378856970891,24.456249251331695,24.578227444547146,24.910017977561505,24.72921175309711,24.063354854207372
2018-06-20,58.888439826785905,59.43669524858475,59.57492342161262,60.10388932136655,60.08099243718869,59.79253224987869,59.24646081071882,60.327643023024926,59.6673658194287,61.75516512886755
2018-06-21,80.25936913291004,81.79621923078355,81.8152115974253,81.93508050273356,84.2037970165969,81.84308177910451,83.59809809085398,82.03925125748435,81.65776587449764,83.02887760656853
2018-06-22,90.91688295689899,90.20429140626077,89.98499928916101,91.24934495125514,90.84064934439603,87.89517025309652,90.19641040702942,91.24817307316408,90.10192268694956,90.6747213621083
2018-06-23,95.56956589151474,93.21099101836496,92.93944279619546,93.0177068568297,95.10300178256543,94.40383829115265,93.75172202903913,93.56110129457734,93.80897280678234,93.62259846553656
2018-06-24,93.6161210330537,92.92770447383161,93.01141466728129,93.68317648092847,92.48912470382801,94.2166684641229,94.93263507871285,93.63667220860602,96.35722748474672,93.96404518468242
2018-06-25,76.80451687207238,78.19137812043007,77.78812266172565,77.57745746116775,77.37042516558704,76.50719259470475,77.0984267307798,77.3943699193658,74.87257649676178,75.9796296472177
2018-06-26,88.51648410455712,88.90521136488161,90.18988029524074,87.94863285163751,89.46708489692914,87.31960103437538,87.83117312038681,88.96150152495753,87.97416037173217,89.0661218089994
2018-06-27,95.1273951601044,94.24959365877119,92.8529766711809,93.1058731518555,94.47419387830195,93.93797486474847,94.72886756272642,93.06204987883622,94.938741654354,95.5764846998605
2018-06-28,92.33082973571196,91.51332199519832,90.40596557825019,90.4268322170019,90.43999691501534,91.58368692531627,90.58111974380401,90.0094355289218,92.80325958450321,90.90240328735896
2018-06-29,79.66195019727999,79.78721254092983,78.62536970605379,80.01655465230348,80.48804461575934,77.83006652171582,79.63208742109173,80.89763456250517,79.38335097270638,77.24783251035466
2018-06-30,89.46219434922325,87.83276345346063,90.18907623404581,91.15343075946834,90.3637069994928,91.76367288932106,89.15350600877635,89.24384740495191,89.47760838605124,91.41795630543145
2018-07-01,91.30719038553504,91.84635576003721,94.20887684624726,92.21352387304034,94.18130522591409,92.23773691533466,91.43340402162396,92.32681159495618,90.6213023828794,94.5503336312075
2018-07-02,91.61484243659305,93.53775592349018,93.55430415842156,92.99307072604788,93.54899771703597,92.7923678959461,92.03088454775954,93.57137939711944,92.6833348286895,94.19896103055116
2018-07-03,92.39903486695803,91.49939758317211,91.29855272416955,91.69532503681353,90.87871335065263,94.55695866860378,92.70714478618734,92.0664328514133,92.16629870299225,91.10946792125789
2018-07-04,39.798777070514554,39.84453051090543,38.325916504051555,40.40023983522574,40.47476320582098,39.475822869596236,38.95660780747182,40.02946518706935,40.34705620355409,41.44392254699477
2018-07-05,85.48758864962873,84.55550209310735,84.10015022565446,85.18604810688986,82.62588499790597,84.61411920791565,83.5848446628098,81.67032098591781,83.39220430258973,83.28219686292744
2018-07-06,82.71042601714436,84.03572850768374,84.11897658696684,84.10479858255532,84.93735531124139,83.0630239989494,83.897755250795,85.24354833801841,84.66543105516813,85.51846262054498
2018-07-07,61.21868746017044,61.44148382199237,59.845471982742474,62.3504100364879,63.67768563064206,60.97320207216413,60.49820926582384,62.22577698181075,61.044022958789235,59.306525023081996
2018-07-08,74.28189715664065,76.39789354148787,73.94678073493796,76.20417754348793,74.46641690395279,72.35615976079019,75.72525611659681,73.1922932103404,74.31362414534449,75.1558669236528
2018-07-09,24.422516222061414,22.69393820885452,22.951946534701204,25.169829174415725,21.893304295428475,25.028007084801455,24.648676800518196,24.2936269141832,24.410822019565238,24.050578795562277
2018-07-10,91.05974256480422,91.5003342921425,88.7221624804953,90.88898670825378,90.69170054665514,88.73110325439599,90.45222590904523,92.53554917792869,89.3723371652658,92.2339688649076
2018-07-11,92.03196423743167,92.0869168904149,93.09843255556115,94.53657649560839,92.92019759641836,91.2365066873147,91.09610659721669,91.33927556157131,93.62965440625324,91.53303211716792
2018-07-12,89.85622177361927,91.72171431113283,89.75878512443813,91.07054230548468,90.39849352600449,92.07444761077818,91.32768765743143,91.63969675604439,90.82059896763064,90.74753597818487
2018-07-13,94.68831499652173,95.53247666619897,94.43610292588274,95.56900256884543,94.3353983575525,94.92508543892583,93.73885892027188,94.38691433228108,94.15455101557154,94.27087902761451
2018-07-14,88.15392038107366,89.68925736506955,88.0281020545088,89.07137288520512,88.14167759501629,87.67852258186349,87.35402573224584,87.87682923158953,87.70932634012703,89.59438137340004
2018-07-15,80.39168281099442,79.42529379855023,80.40122875548435,79.38541173156635,80.23337397250486,77.60219631002552,79.48595194318258,80.53338486870187,80.8391377688334,80.24800071557542
2018-07-16,92.41568898901438,88.93842626864608,90.79124660671164,92.0458680253962,91.38416320038584,92.05365846273943,91.62174936318048,92.0887222649234,91.69332782377353,91.51734375339343
2018-07-17,93.44424369613238,92.08090540235956,92.32464462857887,94.54302447909318,93.16353857764256,94.81583874557296,92.76316585001705,90.8843472988128,93.93395623230884,94.3737537812029
2018-07-18,93.48160693609479,93.71983497687887,94.57047692688637,94.64233378617628,92.87123488702535,92.5948889948886,94.76863552505455,94.17749949058553,93.42861186350629,93.26692927956529
2018-07-19,92.17619471432,92.75069539657026,92.36159607423527,92.66781459740447,93.81970710922056,91.80343050405146,91.27211073081183,91.77360321668057,92.36951314205582,92.96153289111021
2018-07-20,95.48118229024138,92.14591524836906,95.40322921246084,93.00464769735362,94.3786208634417,93.04917411485717,95.57974223132051,92.49382419209012,94.42305763268538,94.53626716891138
2018-07-21,91.92203701021114,94.27928170810506,91.96619785851863,93.90741018379687,93.10320683080967,93.71667423096066,91.67134355830865,91.24831862072013,91.74416126796018,92.82724171440849
2018-07-22,91.44380978518303,90.52558010021778,92.03820725473275,92.41064793145438,91.64062554453035,91.73202501576255,91.22036976855051,91.31241864319223,92.59687084855659,91.47164911516043
2018-07-23,89.85017840990893,89.7503600394003,90.1239367468009,89.39705755564192,89.58922314096927,90.34501073135476,90.31650847868089,89.37545301522565,88.89712659207632,88.0943372888536
2018-07-24,94.4752995468754,93.93936922229679,92.27067660295047,92.45121257378251,91.72019534915528,93.40987610596791,92.31702317958995,92.43700519505532,92.20496846966846,92.44677089635385
2018-07-25,82.1058193281056,80.24391311806131,82.23643456444273,81.34449923537433,82.53921309651189,81.88084659075795,82.4058271462627,80.30319867514622,81.44601098835614,81.34325325598562
2018-07-26,81.82914912235677,80.15303905554904,80.57498268604654,81.57130270202997,81.97399372647715,80.91921256351554,82.64590095523742,82.39781068083072,81.72612517081427,82.42803070286475
2018-07-27,94.90664172592972,92.53064367857905,91.73145282986663,93.51531962693811,95.03356027032353,91.57353067945195,93.0603172186782,91.99799106011464,92.53910795200105,93.03530544900546
2018-07-28,93.5434350442246,91.80756857307402,90.44232632497267,92.71338062708605,92.35876302478442,91.08002020542051,93.76285259414328,93.03511044280597,92.41875320187609,92.82596974223662
2018-07-29,95.57704617284888,92.75391326926922,93.57381821226859,93.34998254602527,92.92698676097756,92.39977009102795,94.76766903344068,91.49239132946823,93.6039442199811,94.02158385888356
2018-07-30,81.36339290727393,81.507428715294,82.1548154171592,80.32765384917526,80.83766226034058,82.91425906469236,80.54614302950058,81.47469619657326,80.56810234980378,83.14027106247822
2018-07-31,64.28951071529491,63.71841303963911,63.764097907221014,63.25127058998373,62.50426105933073,62.19997368625584,63.85625208165105,62.51384241744392,63.24910299184388,63.10954842222395
2018-08-01,98.30522955432144,96.48792561367615,97.31669672867527,97.13954274327132,97.35093270921327,97.45332774796123,98.09029217228189,95.69468006439247,96.54275971363981,95.7623058651484
2018-08-02,86.82270104039776,86.42563191721166,85.82186535097276,87.16680268586565,85.49282738363523,84.60412177581476,84.88107141744838,87.43834973237396,86.04767859473837,87.18510785055115
2018-08-03,95.69589899355377,96.75051864124923,94.9495428219643,96.35605056891207,93.56351225871072,95.93442309320228,94.49350039039395,94.04213670973138,96.04382247884305,95.78208770957752
2018-08-04,83.9787866976256,85.35055557330487,84.46901407639777,84.18328019223075,86.45536133105756,84.41762612368329,85.75458041506008,85.44327400072915,86.15689177168332,86.36884300015791
2018-08-05,83.03880307448331,84.56786646024672,83.06781218507561,82.06326110132966,87.14455749727908,84.7483765908072,83.23555021784891,84.33490232540912,83.87387945547752,84.87107990535375
2018-08-06,72.47670484200839,73.82012527735438,74.44414286434917,71.30780957966367,74.20536454252573,76.1722165578989,73.12254505040501,72.86753850687718,74.25565375256814,75.03645682807218
2018-08-07,76.0588097524821,76.80391711669593,76.38415723831598,75.55136013722759,77.82629358850912,75.701779128574,76.46141285979576,76.17370418189618,75.84200620525853,77.70193483248954
2018-08-08,84.42956263167167,84.59578008173287,82.2718246972404,84.6614204674478,83.25701785700068,83.261363925908,83.45488059465448,84.01187373531958,84.48722204970036,84.43190912223247
2018-08-09,90.20375662044587,88.13190169415533,90.01789983778298,89.83015246998518,89.14112166687399,88.7865595789365,90.99804459173696,89.85986452079041,88.64121605510023,89.22740417822176
2018-08-10,59.765677256222496,62.60531107890554,62.62480396453483,60.93058487212124,60.96169237214862,61.73176022410532,60.39978729566634,60.77446241145045,62.38023290043145,61.99747714754429
2018-08-11,54.74579799671184,51.30105877224304,55.08281816342379,54.174792982112635,54.06012508201286,54.116512518759485,54.30608235751242,50.59702212845421,53.7365060009589,55.62130929300103
2018-08-12,42.175838466974476,42.37202184420572,41.487650691026275,41.147724110380516,39.076462701131796,41.48692519257077,40.833509599658406,40.82458008392598,42.673720168895365,42.002225706520925
2018-08-13,84.80780962712187,83.90305863874909,85.80902624638897,85.67419115699455,86.26530761414799,85.47886755390653,84.91572791885443,85.41133299892873,85.65650646522188,86.01266160564666
2018-08-14,86.53852558000376,86.86301822316442,87.30517618632472,86.29507751754049,85.31328040176699,87.05107387802573,86.72430404568603,86.6126644608025,87.51712944649134,85.16772649757243
2018-08-15,95.21124427487008,95.6612123775593,96.92236873551096,96.95697939806048,97.04934192149406,95.84340582157125,97.29721767972113,96.60161657964419,96.96002244563384,95.46768366112079
2018-08-16,91.06046494470621,91.37069121752727,89.87170548676158,90.87870100781599,91.62111762189025,91.3787191513151,90.09671234922185,89.1490601369398,90.49587803743945,91.3323408527937
2018-08-17,98.82897991900832,98.81224952260499,98.67071865347565,99.18148013726461,98.85756008049847,98.85205520636889,98.89829686225161,98.65393158276294,99.46837753599932,98.80165277060219
2018-08-18,96.98142743858612,97.21884372643157,96.42728973421217,95.56180005078981,92.47022152735522,94.10618344631015,94.51405417178044,95.78275938699096,97.66127910613001,96.41491328438701
2018-08-19,89.20501281917396,91.24371756685323,89.99717298141923,90.43504883891684,89.69203411114901,90.65669604242221,86.6327972849258,90.08136792211582,89.97924010256303,90.38257036086108
2018-08-20,87.60240627938721,88.8766455649816,90.53248120608579,89.24251356543745,90.55168817592345,88.783740776814,88.41803746308682,88.95319478064101,89.89541503661837,89.05858553336306
2018-08-21,90.90131532432899,90.03378139896473,89.88861841537283,89.22184231161056,90.53387740553194,90.26315513934544,91.81942131437445,90.76904522253115,90.9435833675199,89.0311109721622
2018-08-22,97.65757991676591,98.86818741278498,97.03951405540867,96.58116458205888,98.44473233323787,96.92624856590555,96.28423717843118,95.51148119766489,97.13265210528735,96.8448227232722
2018-08-23,97.84171614970367,96.42581478332154,98.22419837436145,97.82310295494631,98.01555731721194,96.98375863274121,97.4179727113668,98.46579247424049,96.54550414471166,97.41166733282927
2018-08-24,101.87613009886954,98.0327820190773,100.94786267743693,100.36647978471098,101.83595621553997,99.92086598229066,100.15415351184708,100.68604167229125,100.91203881075998,99.68695911319402
2018-08-25,88.39555090832998,89.28676192559985,88.82212618713955,91.24754722266758,89.32646877353548,88.14187923203806,90.27379944337133,90.59646036562972,88.79314620773229,88.85292455142148
2018-08-26,83.99877538113284,84.65802685858229,84.85356672776055,84.23348380580964,83.95139109459785,84.68675161084026,86.18578665483267,82.89726711637287,84.72481660368946,84.3168549689554
2018-08-27,85.03918465805607,83.33859430726713,83.21717167537497,82.41121050459702,85.19024875120405,83.44265787581448,84.74242873481013,82.46570696194348,84.49116344989807,84.68323155191153
2018-08-28,96.12585024529304,96.30057592337896,96.56914690277183,98.13919090982833,95.55091011951006,96.1757625668463,97.49058850918234,96.84172181577715,96.74362026793713,95.22993377852374
2018-08-29,95.99956769357249,97.09000015050474,96.44011989656103,96.38172695760088,98.07118519715307,96.95708170754723,96.67626163963519,95.30384485292295,97.70045805254802,98.28172938865167
2018-08-30,80.67100755911567,82.28383581458873,83.7378189060097,82.78882333588955,80.97531842015285,82.78394607034056,81.18759858022733,83.34740431610044,81.76200674788984,82.88038601007482
2018-08-31,58.4796798263984,59.6492737515758,58.79968876845618,58.43841985342497,57.96366828039077,58.322347675710084,56.023714660255116,57.74007241803091,58.955581075045444,57.93072139012544
2018-09-01,84.94529586240795,84.2735103178006,84.28284689341963,85.28305845175196,83.2402678145644,82.06581456278789,83.58757621859945,84.41685298821572,83.73276609337888,82.95182623962283
2018-09-02,71.51210658720134,72.18526463100923,70.8605829139763,72.84379312208816,71.42637383582675,71.9142094103257,71.67127528070495,72.02043458824333,72.64409704219365,71.37538111592539
2018-09-03,54.97072729072698,53.589333949037226,53.606342181697244,55.06326362063275,54.989178542024455,54.251304799308045,53.94128799404847,55.39434701578463,53.58985340485458,54.149152399069706
2018-09-04,76.70113884936131,76.04369120087406,76.08358557431794,76.83028629500735,75.46592357193002,75.22692665108607,76.14938764756302,75.06477190344597,74.55601531961707,76.55028265257405
2018-09-05,69.40791986653393,69.75795917796988,69.38128198076734,71.87141292855529,71.09166343857919,71.6478024374045,70.06991363000681,72.13785112273452,73.62917210175952,69.59405968579848
2018-09-06,61.132014772791365,60.954210667489825,61.52399358342711,60.73080857497966,60.53765794761636,60.74892387360509,61.686900998546975,61.14639069625017,60.844682303217105,61.264372469585005
2018-09-07,65.73337272125652,66.06722632813613,65.05230869222048,63.48591376703273,63.725038965382524,64.03066102359266,64.25059731882422,64.82955149581674,65.8689644622355,65.64682458450574
2018-09-08,43.37651230778475,41.5339873846058,41.49356929213373,41.13638635202261,42.159804879666765,42.3187068877342,42.16790806929664,43.20660342367595,40.76247830401921,42.146688721450495
2018-09-09,19.30733008858407,19.420997258005933,19.616079563760984,19.278220143111675,21.099903432011594,19.308158439484885,19.440491260921036,19.048748677334526,19.66612970693019,19.59515274002237
2018-09-10,20.26658830431104,20.617848053080795,19.521052096028303,19.34597590457972,18.37837344531948,18.19608373483138,21.35666610149098,18.492639083846402,18.22862534130107,19.672106649022304
2018-09-11,41.82911153652499,39.821944579999666,42.72259917884486,43.33636331925698,42.61006961961629,41.3551822910212,42.6952028280534,43.00978813677958,43.40280335864243,42.22759818143575
2018-09-12,61.865859825232484,61.112485342962934,61.607592036607585,61.49381085001847,61.97442587769574,61.28055100679951,61.02763854302877,61.958819627159436,62.47216824268415,61.071244543825806
2018-09-13,67.9937191632972,70.19546526055466,70.05287396982054,69.61428301009018,70.4144515942938,67.43390445060437,70.99497110642454,69.95400376416117,68.50954825684738,68.72164784253938
2018-09-14,27.883364495261755,25.91278049671903,27.315649912158282,26.9768985374009,25.6476856218787,24.81114749246131,26.978726127692507,25.781936495781096,26.48250520439228,27.36191023648134
2018-09-15,34.58374282875034,34.864494400829415,34.895684990212,35.821273807803166,35.62529866004372,34.180474787519444,32.101909476611404,35.87641898990872,33.1449803707507,34.68329627718264
2018-09-16,70.31900400595755,70.54931423688608,68.9078209661102,70.40484734757077,68.1236068563835,68.84643642235847,68.75075813974836,69.93113583901118,70.9602006289519,69.90020859438614
2018-09-17,77.7324811705263,77.1842528861575,76.24663828875951,78.13283425755209,78.61910075769042,77.38165188191401,76.15811048572466,78.68133711492037,75.97270608946384,76.49662837677563
2018-09-18,94.78662405129911,93.90267675266347,95.83588898505313,93.27251618691282,94.77758903164538,94.44422484828323,93.44223362654833,95.72254620332816,94.87672305471192,93.60424315547051
2018-09-19,94.67756800924697,96.42427560198918,94.70518210677164,97.00505467846953,97.81376566874081,95.55504362718828,97.26077223419773,94.29939067993611,95.73525774548216,94.89223018625673
2018-09-20,37.09643995110181,37.21026963119222,36.59854741799107,38.945140829907494,37.96392754610053,36.290762747285285,37.04777682922498,36.3104692612871,38.406430011336155,35.06015027745065
2018-09-21,38.77966691949645,38.14966106920461,37.98562633658584,37.0668501269509,37.04363595414298,37.364315859064355,39.57948435011474,39.21322670374846,38.12865720604389,37.29795311262965
2018-09-22,40.24476645766359,39.90645286071466,40.583177365922886,41.998819768395045,40.05659045640107,40.87751296365293,39.67633949277124,40.11705075909386,41.697963018890675,39.54000504154074
2018-09-23,33.845919802691434,33.06155389014398,33.80236479384457,32.40044432530651,33.84042180267981,32.58828712595393,32.4844101378634,31.395569133528483,32.247115323910414,32.786864359595704
2018-09-24,49.28516793489388,47.001027122726015,49.988538221456515,48.76132956838428,46.67285213287553,47.627032402507176,49.18250023830223,49.25059079406103,50.18669403800354,49.67066488492111
2018-09-25,85.5779643657061,86.08766884520857,86.29439553779524,85.40438247127442,85.26400837713265,84.80883666660304,86.15877210532946,84.8867358976205,85.05695755802927,84.8795222810033
2018-09-26,53.12806565564717,53.91225274316713,52.79319084777062,54.79769083385373,53.052987573514216,52.7051943431392,53.213443730658064,53.70889856167067,52.321607386986386,50.39880689797234
2018-09-27,89.08400091001104,91.92835678264393,90.56824375190713,89.93155743438173,90.10460950145496,90.4747340162017,89.02994353408488,89.94333525802497,92.68492195125535,89.65437706751285
2018-09-28,62.284822259969204,65.03103939616594,63.725377672578055,63.83393550919444,64.5464379249871,64.8701352077891,64.69330530052713,64.37765888182153,64.20879735508804,65.68742406248202
2018-09-29,21.234785349761054,20.074510865739928,20.49825483810085,23.051764072720335,20.965927000445998,21.962720236955885,22.331373917209135,21.767100103779754,23.125232873206016,22.005340017360556
2018-09-30,49.06114484166005,50.63316277313157,49.87261878293573,50.318688940033354,48.07507432233571,48.72774063169656,50.63192169441334,50.364953160818295,49.79513183491085,49.061406919086416
2018-10-01,54.134742733496566,52.41787667298219,52.659443147167934,54.123160516668136,52.077078114393274,53.64585607114709,53.449513202848706,54.99059172875839,53.289810032673735,54.55911063412976
2018-10-02,59.650872284708605,60.591324941738115,61.83760243740347,60.18308011014228,61.81069468977206,61.833302032562635,62.512942370030935,61.29356627567613,61.50751108832071,61.95711507573267
2018-10-03,77.13814256688956,77.58283045569549,78.37925424420766,76.75256923850448,76.48396442706121,75.00986752373223,75.75670620347256,77.43793773846765,76.59568637281777,77.12908830673791
2018-10-04,94.33634159846268,94.04780049721988,94.09098383315205,95.64853947048094,94.24514441699083,95.38884463852445,94.85664628431049,95.42501505103114,94.225104689962,96.3561233629993
2018-10-05,83.71234141870268,81.85427389977968,82.09304499412492,82.01173667442616,80.48399334645859,81.53718356386663,80.73583402868255,80.93223855128878,80.66131104413597,81.89638564025421
2018-10-06,60.781551352765696,63.094174278937125,60.745710627275784,62.19066645814728,60.86933521284314,61.12953606017494,61.66643776470834,61.88696629411879,60.98804709047592,62.697897394358655
2018-10-07,62.056318410501184,62.02488228614308,60.77751916478372,62.69612877305038,61.57041407117486,60.14863565698649,60.83887993661302,62.80587592334252,63.57528367498591,61.047120845572856
2018-10-08,15.880633682369004,13.94630875098176,16.266569967677295,17.457766319949407,15.662992001676994,16.413649379657702,16.340424565230116,14.698854294197552,15.981900805527696,17.042415114122576
2018-10-09,17.627751784682292,19.353162846939174,17.91797728193338,17.77772336997793,16.196540412594082,20.134915126364778,17.46180052267932,17.625962463489547,18.926369758495856,17.386956367422563
2018-10-10,80.14604644435569,77.66115815766149,77.82197410204417,79.07542536682718,79.09435364652276,77.15943166456263,77.63591144084494,78.89373460582448,78.87236451474904,77.87389105401552
2018-10-11,68.54566876853657,67.73977963723114,68.53631577311687,67.80522791811127,70.10182222532511,69.97405967757932,67.3343774427284,66.3205656406057,66.26533733598728,69.59253561320901
2018-10-12,81.39126153871626,81.75142883891925,81.02560411597378,83.00134290962848,83.31987553798383,83.32345974145043,81.37798659748991,81.92931311983143,81.06540783572207,82.14058181392876
2018-10-13,56.48996992674266,56.30609208764888,58.04352560534317,57.2967608763469,58.1741019934702,57.72841555495673,58.926189452989895,57.113573853961654,54.99234702789564,57.40524144818032
2018-10-14,66.39628764010162,67.1430640715713,66.24617897440199,66.43571345949182,67.88961127645388,67.0897841247429,66.94278841270007,67.29923808184215,67.89454054224618,66.15103971547978
2018-10-15,9.931797206670847,10.112693000565555,10.97082806995516,10.248271297348163,11.656011001385224,10.712712040102454,10.489963971846707,8.908894232357381,10.98647154750701,10.997672724481019
2018-10-16,8.786126542508848,9.957051841978743,9.65125684434528,7.462909560935746,9.5584838623207,8.11889326023433,7.127210838843413,8.19991422144571,8.319581834114214,9.524241639555916
2018-10-17,11.684685342840824,13.050044661797825,12.764032929469362,12.168942654990031,12.201590996645116,12.788548497036611,11.104015129918624,10.046850413587915,9.880307717486124,11.924802351173252
2018-10-18,10.880390831052182,13.58559215542198,12.196469337924192,12.435654598934043,11.287073846808205,11.213693203826534,13.267487481456278,12.173448774580022,10.77817149149065,11.450232244027264
2018-10-19,11.558207495280675,11.387313548189198,10.248943624543402,12.298661478167729,10.101136489090692,11.37916570755912,13.889570580827908,9.695166257857387,10.566460571794567,9.083843580107489
2018-10-20,18.609291718173115,18.816999514140843,18.440913705670894,16.80503685331971,16.51176338348952,17.400316422299717,20.030305600707166,16.060660091514443,17.388298558513583,17.121548034286224
2018-10-21,99.7822614945352,101.81030007308911,101.15015479676416,103.00588867151365,101.60552020132225,103.76157412262538,102.2315103571652,100.54205869259326,100.02951067551155,101.49931433676635
2018-10-22,26.67871955680002,25.641894091499502,25.643163858087988,26.263189260845074,25.18573922460526,25.098300798188138,27.082060622669037,25.775049109494233,26.757942010757798,25.843952902444236
2018-10-23,38.8831852888202,39.123286391640875,37.941503207208946,39.92780694906005,39.18079009911395,38.54086772150498,38.98121124229297,39.15742115662415,38.70142143362922,39.16557990645652
2018-10-24,5.79814138884475,4.369829996771577,4.827144572304035,4.667851790079735,3.6984000000000004,5.818058110023214,4.731290578357536,3.6984000000000004,5.103173553756763,5.486590312059887
2018-10-25,30.28112477305357,31.574243038131403,30.76706454389483,32.075909224473214,31.112669628994205,31.309602395217134,33.01799904587169,31.951984381096796,31.28123151318897,32.02227883050128
2018-10-26,97.6154184944625,97.5475807944819,95.39826094682334,95.95796049944919,94.89324870758712,96.75999525256111,96.73953863907204,96.80212384486661,95.88692820754224,98.21885228275453
2018-10-27,94.46322451177956,95.02815263024146,95.43078710018276,93.074837845319,92.34929208524052,93.43743538073508,92.65729769633883,92.84354990530683,95.0597098086053,95.68689179551393
2018-10-28,96.6759975248095,94.50365002342642,97.68011121012225,94.02747624522455,95.34231714812216,95.08522543667848,95.30653831927609,95.6314681732994,95.8499540278543,95.2408167184687
2018-10-29,70.95521831605724,69.74263913188163,70.46802237610751,68.98715126471275,70.7068672563833,69.68271115295651,69.17051680294267,70.07432546204122,69.28962224519164,69.60420607552658
2018-10-30,54.38413131285362,54.38173167832079,53.246819652731496,55.083599986986755,52.9583142333283,56.29870056164989,54.63881971879348,53.05486564785523,56.740021450768474,54.983659897672894
2018-10-31,22.25754705907778,22.2358603020648,23.939927317216096,22.643053777632684,23.685040435093494,23.400793352595727,22.88719115313761,22.98827295149012,23.294425031010753,23.05927951204
2018-11-01,96.94783810886271,95.40923125611327,96.89315201926684,95.87928828172727,95.45546414245328,95.69603805250154,95.58118015433962,96.81900193961276,95.71447040327162,97.43262035414992
2018-11-02,93.35796770083341,95.70853050434785,95.20152811277794,95.0946665481112,95.4541893990502,94.85763579152581,94.26191769758427,94.67578432832947,93.53997530267705,94.20875256041606
2018-11-03,91.20577827199692,90.88420469904503,88.27274651622874,91.82929398933422,91.19897703421155,88.5778508220708,90.15573572038174,91.36899230412506,89.58252808016012,88.31631123262501
2018-11-04,87.52470172520093,85.57975159618582,87.89287532068822,87.96549614886798,85.86914263875919,86.65048112472911,86.16906531223864,84.49937713386186,86.59505790288662,87.0951070970712
2018-11-05,51.00359113739087,51.09865188162755,50.7129155261758,51.48200498812137,49.43876877116724,50.338760243773045,48.97599014031786,50.25251622209954,52.01895740155108,51.25219373205192
2018-11-06,22.449915926547156,21.79422585738093,23.223586867699627,22.046558135793646,20.826663044650733,21.66452956178451,21.110235010433485,22.382638927908452,22.791731592469887,23.583110008245665
2018-11-07,47.86668951038394,45.507315912577134,46.68009007342852,44.18219691273202,45.502649438183894,47.60497587282397,46.03248307238652,45.08972711342559,45.81619959915766,48.20179474026529
2018-11-08,8.71067533280722,10.006134296469083,8.260837599986154,9.2621891027134,9.214171489423709,9.365524135310274,9.083286770548739,9.14029168874837,10.263183915832762,7.204
2018-11-09,50.69539933855383,49.40957640476032,50.07943867339416,51.971139852783736,50.04522456608263,52.06220408596168,52.31458138309564,50.62458913392382,51.56398003699456,52.918613979213134
2018-11-10,30.218866542918324,29.867843829888244,28.597588955771883,30.499732979367444,28.97990044737292,30.20689633734397,30.73945036182171,27.719427443082594,30.95241386437819,29.861358993737685
2018-11-11,14.167281279388842,16.1530919685364,13.725416618648634,12.949704275506285,15.123611190374708,14.599398430344836,14.775539966136378,14.135710456896687,14.52156582345915,14.764429938325563
2018-11-12,7.06703397101137,5.4022142386457475,4.5980770466887675,5.871626583203695,5.076875306850987,4.280878300140229,4.280511856942369,4.2576,4.487069812351355,4.291390365699567
2018-11-13,60.27263702733107,58.69585841003597,60.40808774085064,60.54576264358185,60.9555037680855,59.18379820527921,59.332077691342434,59.318074514041,60.02829540189868,58.91626931042336
2018-11-14,88.51533383303645,86.09201558359393,84.46597724050436,87.84358523904743,86.89502827851712,88.28049497150779,86.52227167755137,84.46501952867874,85.85316088283075,89.80110993610354
2018-11-15,78.27612254162719,78.2438954531245,78.33431099633847,79.89759907746797,78.83028236548533,77.2302207271853,78.36957097713527,77.00878242234785,78.6353519259607,78.6169957308268
2018-11-16,78.07332011472887,79.65268806608091,78.79740213314432,80.05518195346268,80.18546371028927,78.85883365398881,78.92854067088696,80.0088676791906,78.37128474341678,79.63408130937574
2018-11-17,67.3634205045059,64.66295580792034,65.3517207315442,65.14203378059,64.55292604001632,65.36036133401137,66.62227348635822,65.87956976968772,65.90610564615126,66.62112728960089
2018-11-18,11.322981693362344,11.229739310477367,10.268820860339833,10.114650375013623,11.815264821340405,10.843756409895697,10.311992034786536,10.210162721198998,11.072048059362286,10.479936597833177
2018-11-19,16.457205293362293,17.56577062895701,16.799561403859723,17.011656658490125,15.44765584234343,18.02792172496852,14.951201404957027,17.14664082742383,17.024605428468487,17.04138005345455
2018-11-20,75.87840174364707,75.75902795839802,77.23597884508158,73.90606756863977,76.73924667002399,76.3085244722495,77.55631848827325,77.4257122278273,76.76765598242835,75.56612420618148
2018-11-21,30.319281601077595,30.194974895065883,30.102365827807514,30.38887265279291,29.62579127912807,27.943883783313794,29.21111107840451,29.974080304818056,30.467893189010084,30.242042441311437
2018-11-22,43.25930188513806,44.12105038929908,43.62747503857252,44.698271894958644,41.33524486737695,44.946085560486964,42.63029692970763,43.28817804225537,42.64203168057558,43.88249442363992
2018-11-23,48.442499799568964,48.41774858735862,46.96184112698223,49.08935232012789,47.80898186789115,46.59523741725884,45.91625583725887,45.15580810891292,48.23101444234973,49.76733906628699
2018-11-24,55.10699946707848,53.77614256127928,54.42790179592829,53.10825378511796,54.82893965843715,53.01252753266197,54.55013977357077,57.151628438507856,56.26375553955146,53.693476673804824
2018-11-25,33.40547373400912,33.75216848079121,35.36946131047656,36.18873219762941,35.04250570568104,34.913933426350646,34.76169697339871,36.90139830302537,33.47192057193018,33.441226506099554
2018-11-26,76.2959638622638,75.38190499099846,77.64320313034138,77.2805802391694,74.76290502918812,75.96180952341577,75.80476484571439,76.7783600649863,75.00834864162356,76.42478519069017
2018-11-27,63.198478187326536,63.328857803639096,63.709929342759295,62.919796001364865,61.35277757700389,63.094859347563286,60.070327560597924,61.067621731789295,62.78288396614474,61.634324414266096
2018-11-28,60.50690928411359,62.00284011122262,58.81524695567626,60.66997369478938,60.399720164008485,61.6016868263566,60.963677173015874,61.634855451266844,60.12417346228351,62.35337055057512
2018-11-29,61.129762432903945,62.321104567948886,63.62529429812035,66.21823286213089,62.90824554252105,62.352852297066164,64.41897261182007,64.47694909072368,63.844463799348446,65.34026265102523
2018-11-30,15.569353741080697,12.645597293934042,13.572227345270193,14.843201311029581,12.871001001686599,14.94861508178218,12.420929205159423,14.44114469729635,14.037828021487046,13.240111695625165
2018-12-01,69.00326765708678,70.3787622830224,70.03182943499165,71.04667254522026,71.11733090768834,69.60524728028712,69.82689789026423,71.22456386778572,70.37111355799522,70.64182360877287
2018-12-02,68.07197603781827,68.36443823949527,67.52682301359607,65.78038882440782,66.49664898211213,66.84302728853683,66.42325681948115,65.55843452472715,67.08291856609573,66.81353370822995
2018-12-03,51.91111889458168,52.322699111450014,53.412134188825554,52.00776062849049,52.3287588162885,50.97011338887614,52.50294788396225,53.534557464905554,52.06991897920882,53.583231602692905
2018-12-04,69.68695128520184,69.55871858732687,69.67674190273785,68.9472884920247,68.18371246502646,67.9688925594563,68.44205651945046,70.47605765501,67.96416109270368,66.6142103492326
2018-12-05,36.093836242624256,35.615886868489255,32.47019421052095,35.988654927577414,35.37524788685939,33.3937275586005,33.31943398077296,36.24063876715454,33.32921510964076,36.15847393472474
2018-12-06,1.8448000000000002,1.8448000000000002,2.8354136226194497,1.8448000000000002,1.8448000000000002,1.9324135570932843,3.238023502954344,1.8448000000000002,1.8448000000000002,2.6879460569166405
2018-12-07,3.2025378231007817,3.862105941421605,3.077482262382406,2.3832,3.6651465766201254,3.5168036159155154,2.3832,2.475006718508854,2.3832,3.827125128079218
2018-12-08,14.205742907378584,14.210051333497724,14.895294132915224,12.161386624084235,11.839594232321112,13.295191040602276,13.460034301638748,12.259572895538996,14.03097210766959,12.84884382042581
2018-12-09,60.08400196953419,61.7149349164752,62.80960580347268,62.50872615913871,63.18144298922419,60.64503803096093,62.036067729825874,61.58896326037592,62.93945224418476,62.177454691466515
2018-12-10,66.93491968880559,66.58476471812246,65.43910292512506,67.53555572214063,66.18299311497091,67.53598254121668,67.48613712739197,67.21802597940963,66.6268801218789,66.47102241992887
2018-12-11,57.838860907301076,57.22232273823955,59.57653246785432,58.740652846769585,57.59162833355024,56.93847991131985,59.43606623107784,57.40752880173723,57.8876654073236,58.21999682391138
2018-12-12,19.39395389343889,20.336425697910546,19.442143101797516,20.50943973362076,20.17936656576341,18.829716851322914,20.021035205745015,19.9245110249594,18.620947739022732,19.085183483186665
2018-12-13,62.37971013997416,63.991970381507315,64.80113807114319,64.76659338760012,62.27527136370817,65.48476604685251,63.597973559474404,64.03154175338499,65.53052038089763,64.92728759251048
2018-12-14,14.597129038477604,18.45135804710945,20.524439440086013,17.19261324366445,17.748448820063604,17.490908357495112,17.054715427067887,17.49872452652092,16.021611023270076,18.551673246471214
2018-12-15,67.79228824331442,67.53897259089041,68.45702311545374,68.26426186557059,67.41878085559263,68.00950685806468,66.73913340989843,67.4333843206592,67.65123996484515,65.72723641492158
2018-12-16,31.93578509460102,31.75583274311451,31.907943520974698,31.981451583655858,33.18239281844348,33.031201789427406,30.005867985054667,31.468681032510425,30.94552918556467,31.37748216101465
2018-12-17,43.87060811589433,46.071384192596405,44.87543760897819,43.79371289482266,43.810957597264,43.67728778436035,46.08657397472202,44.48436880707972,44.91330933587066,45.16813643836989
2018-12-18,44.15754215035456,45.77126217370206,46.65916749408935,45.21187536990272,47.58448868007348,46.56525596457926,44.974834929114664,44.68607522801463,45.84556708592378,43.741703613967125
2018-12-19,10.71839898868979,12.115912272044985,12.155253553976625,11.322685490732677,12.425263707360452,9.901322559283699,10.00991119637258,10.811146885462902,10.56980722333041,11.563343292654384
2018-12-20,68.65796630443415,68.21867969861029,66.9083548629034,68.02369453203258,68.34771324606429,67.83389011432162,67.17411543001806,68.37324412150065,66.89771398644862,67.28869238273705
2018-12-21,63.06876488883,64.47485825903289,64.7347580375208,64.59643393690678,64.12667100562582,62.4203204704998,62.08051670536355,64.24365859152809,65.30753849196303,62.80336575533299
2018-12-22,61.07697551460229,58.51298762093834,60.66836474133859,60.29646856018057,61.324238665388464,60.33879625448225,61.47893198084952,59.95055811832545,61.21011415326461,59.256733379895024
2018-12-23,65.30369540395645,64.9781147456318,65.27038987881981,62.403347113781194,64.18784876324885,65.20544259121182,63.783297900721124,63.46014865642314,64.55149767952396,64.24278173065233
2018-12-24,21.48492222432694,21.992797690741526,21.76673496413249,22.675672608970252,22.90298610137355,22.309406351427587,21.774715756204017,21.05988525711008,20.987823254033696,22.83259504637988
2018-12-25,18.30942235251636,16.995315036919948,17.465315256752493,17.382250623110398,17.59653857692304,16.236549351435478,19.012518511028887,17.28734583405995,15.873324330795285,17.510811691596665
2018-12-26,0.7400000000000002,2.12642332702114,0.7400000000000002,2.270659668679724,0.7400000000000002,0.7400000000000002,0.7400000000000002,0.7400000000000002,1.153756572311111,1.9985943293218527
2018-12-27,66.76694383809624,63.51696245168533,64.47419720331321,65.43704740151003,64.79153761694008,65.47687405556961,62.69877514793811,62.76976306489945,63.62732538182258,62.92112583497615
2018-12-28,66.79973361996532,66.60965033053411,68.38212778542345,68.20604243537457,67.35555741318328,66.83205688720697,66.4698773042141,68.40430328823822,68.3475816411141,66.96857851268261
2018-12-29,14.79552275390041,15.941321359271015,14.019935184104218,12.566228710271151,11.999621873676169,13.299608264798726,13.578258006206656,11.503934365807929,13.276967641604173,15.19593599031467
2018-12-30,5.068551536861287,5.614500563495422,4.4472000000000005,6.104627188810505,4.875079351193463,4.5730012493585575,5.652757983545679,6.378725139444015,5.118488871723386,4.524329999684889
2018-12-31,44.14644979218276,43.295872793396505,46.3684955000254,43.94180858428823,44.179655785843266,46.398225814093955,44.91542141977253,45.343019441508424,44.48076489787912,45.109715800959044
2019-01-01,0.0,0.755635778378296,1.4570096202217868,1.1360494973242161,0.0,0.0,0.0,0.0,0.21852579608087028,1.1773576811979902
